,name,psnr,ssim,mse,nrmse,psnr_skimage,distortions
0,Aerial.bmp,30.35255935056929,0.7396732754018275,269.8415832519531,0.08887562563958835,23.81971484526487,"[inf, 67.80447922444074, 57.19724637946523, 55.96937976038025, 55.39495876610392, 54.99160180988721, 54.72987738522339, 54.575281736627815, 54.456088707994844, 54.36372741628152, 54.27338040246004, 54.19068805638369, 54.09786620003439, 54.00503087754434, 53.91755537287999, 53.82876271670693, 53.7592608910602, 53.698455261577635, 53.65137324052529, 53.60108361569172, 53.563484078264366, 53.528616495944306, 53.506009846521366, 53.494262997191825, 53.48544960989966, 53.47765160572699, 53.47319255750867, 53.4713130828493, 53.46603937941967, 53.46190456243477, 53.458873852136804, 53.45198003384387, 53.445667411214956, 53.439729467691706, 53.43376023544359, 53.426566988683724, 53.41806405804749, 53.410969837466006, 53.40221891238956, 53.394374462817304, 53.38921067375129, 53.386447838143255, 53.38192960556185, 53.37980220124017, 53.37863770295682, 53.37302283229455, 53.371335935132066, 53.369595824995244, 53.36923994107159, 53.36885025346128]"
1,airfield.bmp,29.833591770773058,0.6237882694484178,307.6527976989746,0.11280980012250336,23.25019492086794,"[inf, 81.5186429267084, 67.88163406311804, 64.50897844902275, 63.06189691963604, 62.135828665102004, 61.32941567217121, 60.77715120658312, 60.436684083154375, 60.16702257237375, 59.92820951714761, 59.72140803693691, 59.54198231335904, 59.400789471779916, 59.270849547586394, 59.148444479925956, 59.06721191299608, 58.98168932631411, 58.90233109047196, 58.831813750194094, 58.760894133936056, 58.67755253371615, 58.59997515139281, 58.539770076917804, 58.483425049153134, 58.41876044643801, 58.364173221799625, 58.32428495065762, 58.29380423616718, 58.27265902133692, 58.253936304023696, 58.236789551939935, 58.22610363601866, 58.21328555515447, 58.20277172268152, 58.195629307908405, 58.190442942066085, 58.18381206630523, 58.18049113579592, 58.17605651305993, 58.171090333701734, 58.16833251813248, 58.16240786878999, 58.155887067491406, 58.147181846966475, 58.137394321954545, 58.12420829355813, 58.10795789197216, 58.088157882911524, 58.07284617563538]"
2,airplane.bmp,32.84944786904747,0.838217428411069,111.65527725219727,0.05724011127558035,27.652011065697547,"[inf, 39.605561885423, 34.09544212236961, 33.15479828303952, 32.705962832619065, 32.43819127522559, 32.2084240875958, 31.947126143896945, 31.686116038196218, 31.4952695468119, 31.349996075628106, 31.209657380297045, 31.07309533958148, 30.925128763468557, 30.75826113978313, 30.583396031421962, 30.408775827753647, 30.288902788313038, 30.22582952518451, 30.17260467245037, 30.09671705320312, 29.975825552941323, 29.85711257305271, 29.774374516245228, 29.721990363914724, 29.670843510895033, 29.633541023542758, 29.604009702263102, 29.58714504759888, 29.563865120704943, 29.545375136493433, 29.530337967135686, 29.511710640488108, 29.495116527519745, 29.480959895188995, 29.471026569250967, 29.457048781123657, 29.43294089388186, 29.41235543212678, 29.388875869759033, 29.366153614709848, 29.349927995345546, 29.340650628326483, 29.334750844370454, 29.330921600122338, 29.33141390680534, 29.33169417993004, 29.330336058558764, 29.32741354766166, 29.326492687121686]"
3,baboonTMW.bmp,29.2753869272963,0.6163984334449625,387.83875274658203,0.14491448806937074,22.244291593662208,"[inf, 81.52757519847809, 74.1250246306888, 72.65311119735837, 71.94806393437845, 71.47822008856231, 71.14081646255158, 70.89467914158233, 70.72470045619373, 70.60163389000618, 70.48863075401786, 70.40861510374344, 70.33909304211944, 70.27249907230438, 70.2146727693704, 70.17820849190775, 70.14288585022084, 70.1085336375721, 70.08166433262006, 70.06150297313143, 70.04405041969545, 70.02332156911069, 70.01197836272391, 70.00174928307224, 69.98774773226097, 69.97335398515226, 69.96228797696928, 69.95431225244195, 69.94299814595747, 69.93609339932493, 69.92768722030148, 69.92034756134905, 69.91656238811802, 69.9108410330669, 69.90626240131601, 69.90298587367401, 69.89609906536927, 69.89046667909139, 69.88513854919746, 69.87883161508043, 69.87320298326048, 69.87035892688527, 69.86631198012921, 69.86313468750112, 69.86052218284948, 69.8551495754048, 69.85183370326735, 69.8489839938163, 69.84511268080217, 69.84180692716149]"
4,balloon.bmp,35.4740553427994,0.8817718587487469,32.28449315200617,0.05094339669554149,33.040863882463796,"[inf, 25.430912666876612, 21.17115962010465, 19.769563475282922, 18.916920888811074, 18.259956116765952, 17.85403592933315, 17.56899813373436, 17.3517301422356, 17.208098958431957, 17.101708694138452, 17.008294534281386, 16.917536917589707, 16.83908266462986, 16.77316462932397, 16.71586437530435, 16.66660810096965, 16.635213713639178, 16.61466772113535, 16.601457630483424, 16.59495592279325, 16.59172219251895, 16.589566207767962, 16.581669896018436, 16.571673751489385, 16.565682089479328, 16.563438111133078, 16.560715238436508, 16.559339036954814, 16.559597278448226, 16.558562227774093, 16.560578002003485, 16.565639700864722, 16.56852368441293, 16.569700732067616, 16.570819229696877, 16.570750066153586, 16.56755638332206, 16.56500584605131, 16.55538730370505, 16.547173610663588, 16.543329937035878, 16.543607076797375, 16.544396647600728, 16.547407952174524, 16.546360296739078, 16.551777599419967, 16.55774013451252, 16.5687271803163, 16.55445822911059]"
5,balloon_noise.bmp,35.440598230481896,0.8781457955159541,32.712256462191355,0.051490941225098646,32.98369858464761,"[inf, 29.84467628934759, 22.51904296283139, 20.277936417047297, 19.421567103480026, 19.075390210468537, 18.869205478956374, 18.622415598430486, 18.281612657774577, 17.950022216042118, 17.654896713195328, 17.442784765842788, 17.307621344121454, 17.206406868474904, 17.133709133238824, 17.07348806656766, 17.025346873686207, 16.988348349262484, 16.95647617102055, 16.93047658072799, 16.90958376742192, 16.890975118793452, 16.875524117774876, 16.86252033684035, 16.85171317817402, 16.83951314874516, 16.83040232368916, 16.818899999516407, 16.806809873522237, 16.797314441151205, 16.79020926544195, 16.783622436194584, 16.779054506342035, 16.774030348132918, 16.766279010387755, 16.75858200887721, 16.748158780981232, 16.737921001031236, 16.724664691985655, 16.710618366536796, 16.69842153628229, 16.690569894667824, 16.684676283815026, 16.68106219995083, 16.67631290551234, 16.670610280446546, 16.667743977091767, 16.66339280640563, 16.656693294811888, 16.65153719668227]"
6,BARB.bmp,30.583824418961676,0.7196065976564314,217.5716652199074,0.12284324415338568,24.75478025172186,"[inf, 58.12688492708083, 52.662514108630624, 51.01175207944492, 50.17231091962451, 49.70906817604855, 49.41742004700475, 49.193608801313495, 48.97794503046616, 48.78907788820036, 48.61406670787163, 48.438577177760806, 48.29026934648055, 48.162584882913066, 48.064847175723735, 47.982380433391604, 47.92869335002204, 47.89354393623168, 47.867855359662585, 47.84573723707582, 47.83222634678558, 47.82137802505908, 47.80763714603984, 47.793156840833824, 47.781711989070196, 47.77150587703843, 47.76288425827943, 47.7591806286387, 47.75522404746915, 47.74871227572755, 47.74439753336286, 47.73863446825163, 47.73579361966154, 47.732493968405755, 47.731405258466935, 47.728241541480976, 47.72498476711382, 47.7221685413497, 47.720099347618394, 47.717458564008886, 47.71520441278664, 47.71350871518616, 47.71231076385896, 47.710459142666586, 47.712291328907526, 47.71182349102254, 47.71160675690874, 47.711531022622815, 47.71246526196324, 47.71366298963011]"
7,BARB2.bmp,30.744264975767173,0.7517643557134764,202.76673177083333,0.11351403915592727,25.06083659681731,"[inf, 58.43017010288106, 49.72185160439705, 48.32094203738968, 47.630938646132336, 47.150460440258094, 46.81781222265748, 46.60173657770312, 46.4886522490125, 46.40579672518209, 46.34425445302856, 46.29224650185985, 46.25224829484727, 46.216395087663635, 46.18387046810823, 46.152254571108514, 46.128513948186544, 46.098520878866495, 46.06307256707308, 46.02174488774116, 45.99679551197869, 45.97627101584549, 45.95706732278675, 45.94149181793498, 45.92674670740143, 45.91716394182445, 45.91290929280903, 45.90652974922663, 45.90205933768971, 45.89761283693685, 45.894893475380556, 45.89088619177199, 45.88886151508203, 45.88486551412248, 45.883701810180455, 45.8847241193303, 45.88404071536517, 45.883083942101635, 45.88234726647345, 45.882273020054285, 45.882203155779145, 45.88296612585199, 45.88512594004426, 45.88336070090954, 45.88207042231544, 45.8814334569787, 45.88258939875833, 45.880852295904205, 45.87756151927815, 45.87803918987276]"
8,barb512.bmp,30.39586799044359,0.7012576809284303,238.64218139648438,0.11931554768663195,24.35333150667583,"[inf, 67.5413578294117, 53.787545865348235, 52.0785239066704, 51.519080255928095, 51.225178581663975, 51.03972476070699, 50.90860494128713, 50.827536223255706, 50.7644728470349, 50.71789910653752, 50.67210197316767, 50.610889674382214, 50.532499588512195, 50.46509470659442, 50.412365526304015, 50.374694513528645, 50.33711678242145, 50.30300995019546, 50.2748055471572, 50.259473662615, 50.24554404369045, 50.23402958194341, 50.218788731973234, 50.20165349008818, 50.18839610890152, 50.18208073326951, 50.176067450994715, 50.16915955630297, 50.16177446739853, 50.151688179998956, 50.14151678300689, 50.12954904762716, 50.11401353852811, 50.09926694379078, 50.08562148976523, 50.07678208470322, 50.071247927377215, 50.070565858181, 50.07007379696416, 50.07225446827553, 50.07415117740514, 50.07524008514048, 50.072584193599695, 50.07077166707275, 50.06917957742818, 50.06955715917191, 50.06605419603239, 50.06636097288967, 50.06596146522631]"
9,BOARD.bmp,33.82228319163973,0.8499037195427818,74.44968653549383,0.07369519029551556,29.41217487338371,"[inf, 35.724357211401646, 29.697838975022556, 28.816994590273232, 28.380233068399576, 27.79539366327017, 27.13768395054522, 26.76410401614621, 26.564282598982242, 26.379356402130636, 26.26832929361088, 26.142498550534544, 26.021445535909695, 25.846798924741275, 25.747303845091356, 25.60731853894844, 25.3490397995037, 25.161501638877656, 25.094691450084838, 25.053547857933516, 25.06488588701971, 25.077573151796198, 25.077969151842478, 25.068374798091504, 25.048659561879532, 25.019927655450523, 24.976359011509448, 24.895530995577474, 24.78897948354587, 24.67606159601103, 24.585981295041865, 24.539576245257557, 24.520083709188842, 24.506154664757776, 24.462181607878033, 24.361257230642924, 24.22611719970888, 24.145709216411184, 24.078183449600054, 24.018371318232923, 23.823490120391067, 23.613610620784815, 23.574661804785205, 23.54896658469914, 23.536691925619017, 23.519629786328174, 23.512642617390117, 23.516095956409785, 23.511802574692506, 23.50101787841961]"
10,boat512.bmp,30.974920281479676,0.7263153612700816,149.85072326660156,0.08880130042020323,26.374215174238444,"[inf, 51.634497258679545, 43.5273011232689, 42.37667419967684, 41.75197289521042, 41.42429217150479, 41.23661446051726, 41.11067304058968, 41.00927736802183, 40.92377813484202, 40.84434610442567, 40.753283405241405, 40.6414813202877, 40.54982632080747, 40.49069667783617, 40.442058980829884, 40.39795741601489, 40.356627217679616, 40.30807120632057, 40.26264579417252, 40.21894744363653, 40.17937948828124, 40.15069269343209, 40.129878073249, 40.115832135127576, 40.106458155301446, 40.095818842260975, 40.086767787825906, 40.07826810453296, 40.070047766034065, 40.061859264554116, 40.05541288162172, 40.0513630036913, 40.045155924150464, 40.039584020406465, 40.03377604699237, 40.026842760757845, 40.02091397259181, 40.01392676290243, 40.00883782546924, 40.006027969175776, 40.00259326746659, 39.99753159710302, 39.99159368942311, 39.98324024926013, 39.97724712382225, 39.97112533823331, 39.966374283765504, 39.963284517018174, 39.95961761352197]"
11,boats.bmp,32.41017478615748,0.8088812917183681,99.5637538580247,0.07692404050345954,28.149790983924603,"[inf, 41.18257289174909, 34.50367018520698, 33.00847702531949, 32.18886716876228, 31.73469218262237, 31.459208011216706, 31.26692552350648, 31.10156476665837, 30.946319754869986, 30.80773280146907, 30.71692252857523, 30.665368937495433, 30.622529648362157, 30.583576730095427, 30.550719138941663, 30.52794198319479, 30.51561385691993, 30.499368768171202, 30.481384410929408, 30.463116965880936, 30.44636335186264, 30.42622198124232, 30.408428368305447, 30.394941892424967, 30.38367287720088, 30.37193378839969, 30.354670190880675, 30.33411929171976, 30.313381598580616, 30.29395878928718, 30.27596303827407, 30.261932716851728, 30.24962618022859, 30.239887177446676, 30.22780788874114, 30.217864768271973, 30.206228446739097, 30.199170959065174, 30.190511007089455, 30.183199040260323, 30.17628474170732, 30.169519130682396, 30.168300589833112, 30.16774652961454, 30.1680419655824, 30.16915375317157, 30.167756374100946, 30.169435780286676, 30.17225320881547]"
12,bridge.bmp,29.42417729922485,0.6397864223789713,293.9073028564453,0.1357592241927317,23.448699835368664,"[inf, 84.73688372785153, 65.85073205534891, 63.41382570204931, 62.81433348447997, 62.5644903479279, 62.435639848690876, 62.342658058925366, 62.254788425080925, 62.17638646099386, 62.117622606661214, 62.058789947070906, 61.99180393514467, 61.92073439304173, 61.854669780994406, 61.79253054199947, 61.737781556507855, 61.69135856982998, 61.65895174056817, 61.62670158539896, 61.595297244720456, 61.568051518570954, 61.54326789347181, 61.524104457061135, 61.50674706406275, 61.48987794673208, 61.474606152485144, 61.45996591390211, 61.45079773159505, 61.44257564407414, 61.43749910612084, 61.435202354557774, 61.43393352806723, 61.43237787812714, 61.42871312213578, 61.425865285683585, 61.42240683182693, 61.41632613385187, 61.41012807100575, 61.40435002340351, 61.40133556537883, 61.39733975202616, 61.39434276909607, 61.391763233381496, 61.38932315469111, 61.38650594808174, 61.3852447672104, 61.382607487495584, 61.38019790766886, 61.378377380346535]"
13,bridge256.bmp,29.219191864206707,0.6371235731250999,319.82472229003906,0.14243048377000128,23.081683294152917,"[inf, 78.68653222530156, 68.51133993380563, 67.19944783098998, 66.52866375259421, 66.14286496448847, 65.89797282194097, 65.76150786740642, 65.67555547353238, 65.5957299626704, 65.55328474230262, 65.52471219189155, 65.50697371743188, 65.48330041856562, 65.46622856366699, 65.44119488005968, 65.4122503613838, 65.38315367908747, 65.35516972067543, 65.3271204216762, 65.30222351967697, 65.28579115438936, 65.27659398575713, 65.27530086462238, 65.27382143849059, 65.27238351141716, 65.26983849599786, 65.26990122837603, 65.2707105766363, 65.27056336829554, 65.2700742646765, 65.26994039514426, 65.2687400098365, 65.26728390781805, 65.26670536863237, 65.26683280367094, 65.26683280367094, 65.26683280367094, 65.26683280367094, 65.26683280367094, 65.26683280367094, 65.26683280367094, 65.26683280367094, 65.26683280367094, 65.26683280367094, 65.26683280367094, 65.26683280367094, 65.26683280367094, 65.26683280367094, 65.26683280367094]"
14,camera256.bmp,32.20495441600755,0.777043826362646,238.1953582763672,0.11509287711355433,24.361470667547444,"[inf, 49.95467488468327, 45.05096198999443, 43.27582361752512, 42.3876061664147, 41.90597698551545, 41.54292899676956, 41.22501617988421, 41.03126985909357, 40.8991795185981, 40.8024773476332, 40.75436463713326, 40.72450892850061, 40.72634317387647, 40.736051642950414, 40.772684226252565, 40.79119092009291, 40.76877490347131, 40.74844367890975, 40.73535364631368, 40.715180737151776, 40.68637898839721, 40.67648757336268, 40.67564345628101, 40.66571223290511, 40.64233102562402, 40.6008651534757, 40.58602156942047, 40.565802719876885, 40.55705411826701, 40.54093067039949, 40.52410699044571, 40.51209449239219, 40.51051568045963, 40.51857918001633, 40.52490674290799, 40.53429994323254, 40.53947238305527, 40.54745313547956, 40.55290053501811, 40.56348049708957, 40.56813517257309, 40.571708949955294, 40.57653004467105, 40.58312964096203, 40.590279031935715, 40.592182810609785, 40.59719242318862, 40.5971962669462, 40.59750989187537]"
15,couple.bmp,30.705043343668763,0.710249149103283,163.8796501159668,0.0994063644003952,25.985553328071322,"[inf, 53.03441930595576, 45.37941565064766, 44.06628120300178, 43.53526587456082, 43.20613059798299, 42.9593322547646, 42.7685924199769, 42.65721722155198, 42.58743489267127, 42.55871358065995, 42.546987716514785, 42.54089411845227, 42.53541184902894, 42.52640628824051, 42.51857471411332, 42.51009919413738, 42.506776551401956, 42.50254872356177, 42.500744655254124, 42.496969670957576, 42.49583821392483, 42.49441784864169, 42.493135395246284, 42.48985776035994, 42.483989737622835, 42.4804586643326, 42.47246267198635, 42.4676382518991, 42.46508624966615, 42.46322435901739, 42.46107042953422, 42.46142199668582, 42.46013963731205, 42.45938229678363, 42.45949664913729, 42.459519866216326, 42.45822422080359, 42.459754817715776, 42.459261234431295, 42.45814762409492, 42.457571221809495, 42.45744711760328, 42.459092796989296, 42.460202324175114, 42.46040338638823, 42.459825769345635, 42.46006277562435, 42.460032792433864, 42.45842073918332]"
16,couple256.bmp,32.856011526123474,0.8242341939495714,79.87971496582031,0.1958045829756347,29.10643854356179,"[inf, 32.90379440786506, 29.36501310268899, 28.567885885995363, 28.22727544279889, 28.014925017747167, 27.83549720032941, 27.61661614648991, 27.414911588587785, 27.28857513599942, 27.188040823467077, 27.118514398430587, 27.061267850292488, 26.99532680268965, 26.967455154619138, 26.928525456927677, 26.90485948267034, 26.8938078503289, 26.87448402254025, 26.861802971583458, 26.86012668221467, 26.85187409384604, 26.844195019760594, 26.81845927521918, 26.753750845194816, 26.696071883725054, 26.641916489008672, 26.606564945346488, 26.586648204093905, 26.548737540716164, 26.524990978184057, 26.50833827954493, 26.503322599468916, 26.499296867195042, 26.49208509142436, 26.48373649081669, 26.47378887588777, 26.47182360836218, 26.46699979795672, 26.449494783581976, 26.432946711954038, 26.419387427722825, 26.412215834923888, 26.413881865197983, 26.415966581990254, 26.414247459499375, 26.415650999977366, 26.417412081410163, 26.42087195806547, 26.41893444204646]"
17,crowd512.bmp,31.6585564954851,0.8145415590742647,144.1797218322754,0.12179985885923438,26.541761775692862,"[inf, 51.48515256336219, 42.1636662687561, 40.92116021956015, 40.264560917681834, 39.7705039722718, 39.40301599075445, 39.08508601662214, 38.7853024492175, 38.50950037673153, 38.26772802681489, 38.06968261553405, 37.87227879308021, 37.70031256700803, 37.559758614774, 37.448891608604576, 37.35871574768153, 37.29016731398873, 37.22510200884852, 37.16333861880244, 37.09945185715777, 37.04145498776844, 37.0024708888022, 36.96695870575364, 36.94707739189302, 36.931817019463, 36.91418367525871, 36.898132708491175, 36.87826935004256, 36.86317287586161, 36.84504654878257, 36.8358371718471, 36.8336221558774, 36.83072508905304, 36.82626503085244, 36.82464030376872, 36.823137029774536, 36.81698151423835, 36.808240739424114, 36.797292558705806, 36.784222916397894, 36.76229131778972, 36.740937828799005, 36.71922828365197, 36.694045893626374, 36.66736525608942, 36.64311789919925, 36.6197957276643, 36.59917429874963, 36.58544714963974]"
18,EARTH.bmp,31.94018030790252,0.8174742551349468,179.24937438964844,0.1387345928333476,25.596227122859396,"[inf, 52.19014704280453, 38.94513040454077, 37.91856944613123, 37.45839838345004, 37.20054909309438, 37.107906562374126, 37.05228882810768, 36.98271562677386, 36.903343460221286, 36.84095685979623, 36.784916038823184, 36.71804448850352, 36.65357768296023, 36.596356949699924, 36.55818150340279, 36.51943304057362, 36.47955601369789, 36.44459603825372, 36.40542827295437, 36.36889435127982, 36.3480839501932, 36.329679928420006, 36.32291021165302, 36.315556573582285, 36.301618019580374, 36.29825179018853, 36.29558235196253, 36.29010549203969, 36.285465554417, 36.2812958843935, 36.276189737731606, 36.27192857111988, 36.27186926435725, 36.273154235053866, 36.27465480402475, 36.27396580510616, 36.273313732604464, 36.27171108403404, 36.272232668507755, 36.272232668507755, 36.272232668507755, 36.272232668507755, 36.272232668507755, 36.272232668507755, 36.272232668507755, 36.272232668507755, 36.272232668507755, 36.272232668507755, 36.272232668507755]"
19,elaine.bmp,31.495419520489932,0.703657928642616,80.2829475402832,0.062255430699964476,29.084570518982417,"[inf, 40.158327812454615, 34.19262645418361, 33.35133241922556, 32.96709053038906, 32.71356642878956, 32.540459160792494, 32.43220285672959, 32.319140015541954, 32.22040487783533, 32.1614166781264, 32.13732091331612, 32.12548833513981, 32.11319223086258, 32.10612506334753, 32.097857137218476, 32.08943821976504, 32.0821930267328, 32.07392942467553, 32.05497916873703, 32.04127721344893, 32.02722886184891, 32.01614988776664, 32.00420385690283, 31.989631965369664, 31.980194568949074, 31.967339288580785, 31.957824571098257, 31.952686031625408, 31.94889995379507, 31.94591928346569, 31.94415837023038, 31.942776208103197, 31.940539238438973, 31.938168112842675, 31.936303142247688, 31.93395184577801, 31.931242960740033, 31.9287229928692, 31.926203528220523, 31.924458917700218, 31.92257557520889, 31.92050733309628, 31.91864427728899, 31.91785084710685, 31.91606275632112, 31.913776609929503, 31.91249522479658, 31.910897140070404, 31.908856907067292]"
20,ELIF.bmp,34.750742372682126,0.8879593451857293,45.91412353515625,0.09014945277241042,31.511340624790414,"[inf, 23.908741101318256, 20.284969951903214, 19.705696378485605, 19.357166187295057, 19.13864492860219, 18.978327933401065, 18.879620543890105, 18.83679546652109, 18.825315983266425, 18.819841389195, 18.81516015416407, 18.80596190927568, 18.788729585789305, 18.775675703545105, 18.76594016713613, 18.75823101460061, 18.747988001859653, 18.747551651511582, 18.74986143719972, 18.750442126769105, 18.746325315323805, 18.743953324564163, 18.736242476795574, 18.733312691135882, 18.728793561268656, 18.726540623721295, 18.723525979294166, 18.72654976836825, 18.72954849912837, 18.727680663866437, 18.72643077143254, 18.72064977232762, 18.718953647099873, 18.719154064988277, 18.717221236837077, 18.717811168801983, 18.715985787311794, 18.714582891320134, 18.712100798253168, 18.707482792006502, 18.70712473023026, 18.707181183810523, 18.709233361031426, 18.71003828229754, 18.712231162201448, 18.708386536014938, 18.707340267395086, 18.70699620576521, 18.707985524560385]"
21,finger.bmp,28.979468511830262,0.7816417797904969,288.7339210510254,0.1370157449539493,23.52582552186739,"[inf, 84.87751203045714, 70.23719557560821, 68.40233098736815, 67.60677409448743, 67.16972088511503, 66.91483278265491, 66.7504486596032, 66.61058033725415, 66.49727829919175, 66.40616268747513, 66.3340978798255, 66.26343666785557, 66.19852887348411, 66.14952936245113, 66.10595254829659, 66.06328208361991, 66.02457209251205, 65.98792616185683, 65.95735301549043, 65.93369371476466, 65.91252766177129, 65.89117709104634, 65.87380612296812, 65.86162254157645, 65.84924766609194, 65.83861406444036, 65.82889443566064, 65.81798323643052, 65.80798267017676, 65.79649099449446, 65.7890812162984, 65.7817752443852, 65.77684068838224, 65.77241505518319, 65.76923969812081, 65.76484446143216, 65.76037317769207, 65.75343989045835, 65.74621450282828, 65.74070684558949, 65.73702960927552, 65.73137961419887, 65.72741697962981, 65.72231344390448, 65.71705588230382, 65.71166753585227, 65.70544309357155, 65.69945615176148, 65.69665574463544]"
22,FROG512.BMP,29.230209777126596,0.5275832388200965,276.70368576049805,0.12988060600615448,23.710654167801387,"[inf, 75.0448011307598, 64.79451001662423, 63.596676105236014, 62.96292628542, 62.55376830311367, 62.27220875352658, 62.097508153857596, 61.97659638767685, 61.88824773498952, 61.81550833599026, 61.750373802571126, 61.68595445215349, 61.637879230502485, 61.5988618793968, 61.569561396267986, 61.54833049958628, 61.530464570761495, 61.51264004668707, 61.49640686618361, 61.480595852887326, 61.466205525269686, 61.45768789941497, 61.4439957296176, 61.43148066731833, 61.4224656680007, 61.41355292260792, 61.40151679520798, 61.39271210760303, 61.386000257596116, 61.379508224962976, 61.37512303001843, 61.37128234464653, 61.36859826612784, 61.363305754642425, 61.357889909487525, 61.35384530786422, 61.351117781828776, 61.34620777172552, 61.340798625630086, 61.33457607173989, 61.3285967796011, 61.32404312547395, 61.32133772963078, 61.31789750438302, 61.31453683422377, 61.312042303521324, 61.310137484099926, 61.30733978799796, 61.305661018856455]"
23,GIRL.bmp,32.25467632626777,0.7989802229232922,71.6881606867284,0.059963736430706814,29.576329230938395,"[inf, 35.034035755725895, 30.01732674219225, 29.28744555189968, 29.007254758384295, 28.87094905179333, 28.795702055274372, 28.732785284479235, 28.657254691956958, 28.62219047111936, 28.5885674513849, 28.549883838470052, 28.52479173021273, 28.496716868450438, 28.469504501912866, 28.440403304772474, 28.415420232905102, 28.396051610883365, 28.381947252934868, 28.3716358646029, 28.36337064436554, 28.355573757449985, 28.34969980673603, 28.344081290770486, 28.331736021567714, 28.317194843931034, 28.307866680379504, 28.302747596783064, 28.300324228148266, 28.29185677030386, 28.278667511652145, 28.265443218307247, 28.252019908749777, 28.235867202810322, 28.228139640987976, 28.22084701756048, 28.218544288317062, 28.21750575958901, 28.216920918598305, 28.216117631526306, 28.216836212796547, 28.21919422216905, 28.22109910545664, 28.222236406046548, 28.223054629933436, 28.222872753097935, 28.22288451654926, 28.223211584945435, 28.223711055677096, 28.22339209043513]"
24,GOLD.bmp,31.41675811777246,0.7318930146850042,101.2003375771605,0.08797819135768144,28.078983996719018,"[inf, 41.846608208325996, 36.747543081906564, 35.99533379496247, 35.71314266710755, 35.48340891865234, 35.30862677656679, 35.11637469255294, 34.91203027031011, 34.70023183736862, 34.54713759599471, 34.44713921926998, 34.37107215640287, 34.311708676845555, 34.27837954513288, 34.25750580119526, 34.23802845619321, 34.21288859074363, 34.18756016216618, 34.15939524186095, 34.139462510244876, 34.12446938458919, 34.11036320563839, 34.101513796798216, 34.09191920132201, 34.08275236179353, 34.07384965749233, 34.063907239909, 34.05486921241689, 34.03990681456699, 34.029292501802104, 34.02276477951925, 34.01608530713536, 34.01112804325459, 34.005999982088994, 33.99918666245272, 33.99410993544392, 33.993015486669165, 33.9928051510301, 33.992119127052874, 33.98958795986086, 33.987590102864324, 33.985699366039846, 33.983903296288815, 33.98247499751529, 33.98209761313134, 33.982463715462735, 33.98043691836995, 33.978537519081094, 33.97640957736544]"
25,GOLDHILL.BMP,31.01682385221106,0.7287680606699303,108.84114074707031,0.0851460582444444,27.76287275963409,"[inf, 44.44573817945549, 39.2499737246824, 38.21947788181381, 37.733074272642014, 37.48638033973252, 37.32958614804802, 37.18665964317988, 37.03973081347412, 36.93008717462166, 36.878517336310935, 36.84674625525923, 36.81993350872416, 36.79249973499693, 36.76913728901259, 36.74416585602194, 36.723126616538195, 36.69781251755313, 36.671749769577524, 36.64661916923821, 36.62591691653449, 36.604039056002335, 36.587259709592395, 36.57564684045195, 36.56529053911983, 36.556149589229435, 36.54654828189116, 36.53675225506373, 36.52719610964491, 36.516515881175685, 36.50495760812832, 36.491722973771004, 36.477799751127336, 36.46719398337092, 36.45682798532884, 36.44756267973119, 36.436934944800406, 36.42797860203244, 36.41558493441294, 36.40540947698977, 36.39116441736046, 36.38019159256481, 36.367833728303744, 36.360146592871885, 36.35088895549439, 36.33890442232618, 36.324636990153806, 36.31272543275098, 36.30163008711624, 36.29336174575738]"
26,harbour512.bmp,31.072742195320057,0.7139631344781181,239.04717254638672,0.11707527419376387,24.345967496474977,"[inf, 56.990998362178004, 49.97518802635736, 48.24886241630624, 47.36971740724579, 46.72200012849274, 46.41057172121718, 46.24693746966067, 46.19041421833761, 46.17431810422103, 46.16120801655603, 46.13366816528578, 46.1155375654012, 46.1007581878565, 46.0968067511762, 46.09723990638918, 46.09893202548308, 46.10363080983465, 46.10299433056391, 46.0997231507501, 46.095340002773966, 46.087984586828185, 46.08159890105409, 46.07096997716927, 46.06035638429256, 46.04873657764559, 46.038494909687785, 46.025062670169035, 46.012408462768285, 46.000541252213495, 45.985918198112664, 45.966861069619775, 45.94995412382774, 45.92783377952031, 45.90716017396075, 45.89095817350724, 45.87297972320869, 45.860518672321504, 45.84482388113982, 45.82985626749145, 45.82152745789837, 45.815676855534505, 45.81407723428566, 45.81187405111788, 45.81114389821869, 45.810517819062866, 45.807503206110184, 45.80664390307048, 45.80632963146924, 45.807584970388405]"
27,HOTEL.bmp,31.413752911064996,0.7820802274402507,167.32417775848765,0.11889724263445516,25.895216613374732,"[inf, 48.005367586248184, 42.38953569529482, 41.47422053828731, 40.89719311465844, 40.48488282430716, 40.217957610127876, 39.985493438065404, 39.84329486825254, 39.774670580160674, 39.733521137846594, 39.711242961449784, 39.69761552200005, 39.68639716051115, 39.67212262992061, 39.653720680748584, 39.63847432264369, 39.626037059811644, 39.613812995417796, 39.59989420490914, 39.585281994561235, 39.567514731585234, 39.547732751070086, 39.527679392648054, 39.50798939210404, 39.495554367739096, 39.478712906561995, 39.46715342720214, 39.46324701356436, 39.462310282318015, 39.45884251053567, 39.454239815820365, 39.449022751435066, 39.44422577256389, 39.4432640120056, 39.44386484957672, 39.44581891435411, 39.449308434843225, 39.45595682679436, 39.462319426262745, 39.470279896731086, 39.47416039319845, 39.476825966291386, 39.479931796463646, 39.4861004158993, 39.4917835848674, 39.495613553520904, 39.499677270509295, 39.49627986810102, 39.476159706176645]"
28,lax512.bmp,30.168994316734743,0.6191335181467564,268.78257751464844,0.18375205341385378,23.83679246539969,"[inf, 67.26069939816571, 57.79633182477444, 56.00276242358332, 55.335286245593984, 55.077034461702944, 54.93501527944932, 54.83683233728671, 54.75746780287003, 54.6968216882973, 54.65216562616389, 54.6118507835164, 54.58677591996084, 54.57266047126103, 54.56330703373492, 54.55561958246456, 54.54973039296717, 54.54434928823711, 54.542348585855024, 54.54102277094215, 54.538289770234904, 54.53354627585151, 54.529818800935274, 54.524348125194194, 54.51718606788076, 54.51283549604314, 54.5090318202741, 54.506455136674816, 54.50520658659496, 54.50491740149286, 54.50445587642485, 54.50403917456951, 54.50438464671736, 54.50363774763625, 54.50297727918773, 54.50230912532324, 54.502870992918474, 54.503750744507514, 54.5031026547812, 54.50273903175378, 54.50233953432857, 54.50149289370435, 54.499392736630654, 54.498948559561455, 54.497165085084305, 54.49741111106183, 54.49585381261119, 54.495228916326155, 54.49440943573323, 54.49473904621878]"
29,lenaTMW.bmp,31.619130493782542,0.7507503047713637,119.48780059814453,0.09735379564919512,27.357567936872023,"[inf, 41.15141504742502, 36.201336786151835, 35.52457181841108, 35.219872420205185, 35.06408896076944, 34.95156638558695, 34.879357203994324, 34.820586083201405, 34.7726384465838, 34.741236375748656, 34.72141032400809, 34.712647339820265, 34.707383413000365, 34.69897327302456, 34.692521341700264, 34.688432047580534, 34.68308745405815, 34.676336269508454, 34.67779728703387, 34.67817012487356, 34.68011326935131, 34.67678073549308, 34.679498777952716, 34.676685706606754, 34.674003630831514, 34.66900613059664, 34.663916314882776, 34.65946053248564, 34.65914794608648, 34.65820724482931, 34.65878684679209, 34.655951646948175, 34.65640909935944, 34.656678074063414, 34.65772424298152, 34.66175559099081, 34.66446452401407, 34.66797150736032, 34.67175209177223, 34.6760883205791, 34.68100635733058, 34.688603310758225, 34.69699363043817, 34.70225264703519, 34.70708072373212, 34.7111073647171, 34.71242776907619, 34.71182428185777, 34.70280866461109]"
30,lennagrey.bmp,32.40448054117713,0.795732778597126,90.81494522094727,0.07187972736969428,28.549230355529414,"[inf, 39.203233110967695, 32.31918731950735, 31.19719604422852, 30.719496009912373, 30.4885101638694, 30.345907253685766, 30.213392249813538, 30.089015516636692, 30.00284542340323, 29.93877696354062, 29.895905280192977, 29.86705422736758, 29.84620036875783, 29.83694099221567, 29.823907042619474, 29.808292752604213, 29.797034060111734, 29.782712647969273, 29.771973127399157, 29.764434901064206, 29.75256309151591, 29.73913973675893, 29.724321239311298, 29.709812321414667, 29.69286466077884, 29.677732311776865, 29.659583606982174, 29.64635294134442, 29.635213266891416, 29.627458405123853, 29.6219820681133, 29.61834083053877, 29.613147226333396, 29.609099332577788, 29.60416541524596, 29.60107243674584, 29.598368024970704, 29.5963792565626, 29.595176408069566, 29.59352188771099, 29.59254193637108, 29.590251527995044, 29.58741716825573, 29.586123015274122, 29.5850404646468, 29.583456733279583, 29.581281698080616, 29.578159800810383, 29.575921735083618]"
31,man512.bmp,31.349137062436743,0.7422191025692271,130.62427520751953,0.09416540594214333,26.970564671677906,"[inf, 44.800184844519464, 39.55293492290734, 38.75622603572411, 38.29730161235749, 38.02827569431018, 37.81576376661916, 37.63621505527536, 37.50066995424291, 37.39135124998802, 37.305804825424204, 37.225826555175715, 37.148559138205854, 37.08343974105084, 37.051444738566936, 37.04043616849515, 37.036800304100524, 37.03399418710301, 37.02869191229233, 37.01904879862789, 37.01494563806504, 37.00987917679492, 37.00572930343091, 37.000938385570194, 36.99569850330345, 36.99132480352738, 36.98776011048416, 36.984461938899486, 36.981387207420994, 36.98252962706595, 36.983592937492595, 36.984306126146016, 36.98456785551983, 36.98471265848992, 36.9853209597077, 36.98518896262436, 36.98427857863076, 36.982912372070615, 36.98185737163409, 36.98250442603355, 36.98270711153113, 36.98272022899081, 36.982863306546555, 36.98290675931068, 36.9815443137353, 36.98091723778552, 36.97824656839987, 36.97617046442669, 36.97484789311618, 36.973224511332084]"
32,noisesquare.bmp,30.753571210225132,0.6282587649405909,65.655029296875,0.04221744580473745,29.958123614062842,"[inf, 43.731883059215086, 37.719219305784655, 33.55690828517096, 32.19364025597505, 32.1133806074768, 32.07534078860024, 32.04639268753378, 32.02067474138356, 31.997957194760808, 31.983525480124754, 31.973476801930325, 31.9641458377244, 31.9550183564142, 31.94386649891662, 31.932567786143668, 31.922487991163763, 31.914981665223294, 31.90915030664936, 31.903706039030965, 31.897822780751085, 31.89107643590934, 31.885218588946497, 31.8814276995626, 31.878385557474388, 31.876624458331968, 31.87531792509357, 31.874278557943725, 31.873003773685994, 31.87175424176803, 31.870376128651074, 31.868790482779268, 31.86684890783956, 31.86513049865911, 31.863384051812723, 31.86203248269831, 31.860231099894754, 31.858602128155162, 31.856365777492044, 31.854939028379405, 31.853494703526508, 31.85203181446596, 31.850984075839087, 31.850262352663787, 31.84978467541222, 31.848674085750012, 31.848041455617672, 31.847217767367496, 31.84642865330843, 31.845493429169586]"
33,OMAHA.bmp,28.83219846552169,0.6512228489519553,697.4849090576172,0.15236850606681546,19.69545545314969,"[inf, 114.04200591622822, 99.68403532906675, 96.78616982081904, 95.64326012590806, 95.17072127314033, 94.8197158880717, 94.59315471267779, 94.48592608808437, 94.43427608089198, 94.39226204554046, 94.37662060206293, 94.34242227509738, 94.30576788221109, 94.24393845720404, 94.19788663892386, 94.17414351177723, 94.16881292732724, 94.15502426371344, 94.14899638944881, 94.15290936497517, 94.15367031241493, 94.15380223171576, 94.15536772716887, 94.15393319505088, 94.1526276425706, 94.14959397460298, 94.14898053634181, 94.14624742292446, 94.14037177218066, 94.13886407488955, 94.13302122074444, 94.12973852076732, 94.123384857614, 94.12252373179521, 94.12100070597239, 94.120956408158, 94.12058196383202, 94.12058196383202, 94.12058196383202, 94.12058196383202, 94.12058196383202, 94.12058196383202, 94.12058196383202, 94.12058196383202, 94.12058196383202, 94.12058196383202, 94.12058196383202, 94.12058196383202, 94.12058196383202]"
34,peppersTMW.bmp,31.955136131086327,0.7592961275328248,99.96281814575195,0.0761189811392976,28.132418696370177,"[inf, 41.44608021331639, 35.32758887387251, 34.17174727195548, 33.550865497552834, 33.19977680693627, 32.94434943048124, 32.73081463043246, 32.53679115225857, 32.353594517699335, 32.23453257787336, 32.1484091625685, 32.07946900269985, 32.034037582747516, 32.00423246240514, 31.98412738944131, 31.96704896702207, 31.952070222876674, 31.942737362173165, 31.9318438876236, 31.92136278775947, 31.913472616124526, 31.907083697487522, 31.906033243977852, 31.904187072371442, 31.90319851143433, 31.90168201681686, 31.901360756231544, 31.89841783534703, 31.894848669636545, 31.890511384402323, 31.88585962962553, 31.881765620642838, 31.878966600584057, 31.877453073752818, 31.877654351389246, 31.875017634521164, 31.873310346090918, 31.87067441537702, 31.86977442635652, 31.86960005383814, 31.868999089845005, 31.868490415728647, 31.868149456840058, 31.867442988639763, 31.866995031431564, 31.866824191816775, 31.86653109223888, 31.86661557483579, 31.866669091816586]"
35,SAILBOAT.bmp,31.49072403707381,0.7667173256957543,134.8689308166504,0.08561264950007616,26.83168446251228,"[inf, 52.68667367782041, 43.67862115302543, 41.829380416478, 40.834320253561124, 40.160399118428856, 39.70666100921885, 39.40743841038738, 39.13336105796738, 38.84100821656892, 38.56319454394234, 38.313274050298894, 38.109536447989385, 37.98051690394198, 37.89987070301215, 37.83857192436703, 37.80491818146479, 37.77924306440093, 37.76681421726817, 37.755575031552056, 37.74024522481429, 37.72527169253797, 37.71134625744635, 37.70404916507388, 37.69753871812793, 37.682529057605954, 37.65081618825421, 37.58354450906235, 37.53417648032499, 37.498944604556776, 37.464697181317334, 37.427903585317196, 37.403724013975555, 37.38690946892736, 37.37659275301049, 37.3626025053849, 37.34931798393412, 37.33511225774576, 37.32089119030562, 37.30927610454674, 37.29904172794398, 37.28775269440199, 37.2789868330646, 37.274055067785184, 37.26406659458178, 37.252160789138514, 37.243270606447396, 37.23586020083476, 37.23122408169198, 37.22755438665005]"
36,seismic.bmp,35.95097082668459,0.9236452808543144,19.71624755859375,0.034552776994412115,35.182560983188694,"[inf, 19.42637889520705, 16.313231677026955, 15.815243385368628, 15.591766841408202, 15.476865595216617, 15.40446011586845, 15.36409553858324, 15.335285054497845, 15.312645401235725, 15.29487413624912, 15.282790194726786, 15.279573789001002, 15.2780476788496, 15.276641288857052, 15.274956827628909, 15.273466896372348, 15.273428723850108, 15.27332413330357, 15.276956806067622, 15.280887592060983, 15.283609041567413, 15.28702921426069, 15.288348397067525, 15.288247419516166, 15.287884678096795, 15.286394087762215, 15.28391290211188, 15.282247596775722, 15.279261705387507, 15.28051440500969, 15.280169962318277, 15.280951689125773, 15.280788365485293, 15.282603967044603, 15.283297839237912, 15.284630292771316, 15.28442513909554, 15.283694019897439, 15.28383026866068, 15.284394285536587, 15.285515717323205, 15.287009987843012, 15.28707260073724, 15.287938502225114, 15.29034693370897, 15.293243506931383, 15.29436062849169, 15.296630649793798, 15.298821688996732]"
37,SENA.bmp,33.89004553799718,0.8549566306402354,53.374908447265625,0.08150399700315622,30.85743217769377,"[inf, 27.784844944691237, 24.113435270605095, 23.109066928465992, 22.66083257469209, 22.44307878974744, 22.280946257892793, 22.175732046841247, 22.11090511734644, 22.057653682086933, 21.992381405557232, 21.939390365145904, 21.877709083841555, 21.853203156402344, 21.839101520814545, 21.810145565921726, 21.802602210896506, 21.805933919201358, 21.811029045009484, 21.81521373501464, 21.818750855422657, 21.82093586339532, 21.82367497550067, 21.825530479323202, 21.827156908156745, 21.82978756173368, 21.830957969565443, 21.83323193458997, 21.836864699200945, 21.838828288826086, 21.839657818127932, 21.841904140228838, 21.842117733264594, 21.84473641908245, 21.845786663108306, 21.846674053248837, 21.84931105154299, 21.852610036688247, 21.854257460445808, 21.854841920392317, 21.85619581306331, 21.857642371536727, 21.85957004502196, 21.85985625752688, 21.860110340310477, 21.860621381082595, 21.861027206888984, 21.860162297628694, 21.86000785847743, 21.85625024438563]"
38,SENSIN.bmp,31.71723491090397,0.830015398557742,84.62020874023438,0.08548432533799888,28.856062685582863,"[inf, 38.07416474456779, 33.10882914366536, 32.25998379287183, 31.88734402109572, 31.670556044902582, 31.55145372519221, 31.47152638077555, 31.427471943434654, 31.385690074096303, 31.363583113191726, 31.339218423911284, 31.303935667310668, 31.269983428769244, 31.229639998017777, 31.197497210146643, 31.181023985296363, 31.16857903447275, 31.16426803776048, 31.162295834910275, 31.156373859845267, 31.149789379242875, 31.146886646005157, 31.1433547248023, 31.140762855200897, 31.131794367241074, 31.127876143195735, 31.12465284662321, 31.121993645698744, 31.121528025957197, 31.119787623217277, 31.119600501247703, 31.119600501247703, 31.119600501247703, 31.119600501247703, 31.119600501247703, 31.119600501247703, 31.119600501247703, 31.119600501247703, 31.119600501247703, 31.119600501247703, 31.119600501247703, 31.119600501247703, 31.119600501247703, 31.119600501247703, 31.119600501247703, 31.119600501247703, 31.119600501247703, 31.119600501247703, 31.119600501247703]"
39,shapes.bmp,34.432922281819025,0.8680262727727962,69.46894073486328,0.09444925825162366,29.712896840823852,"[inf, 28.507925904596597, 24.051466448653056, 22.758925439338782, 22.279931413004803, 21.915165431620295, 21.69289580852526, 21.573144202968354, 21.497739829060137, 21.431125784367858, 21.370093170470554, 21.317263858998487, 21.263994365716442, 21.211221240609973, 21.162173771139727, 21.085258747040886, 20.981574462768776, 20.893071657179785, 20.86359504797037, 20.84138927089787, 20.83151423342335, 20.83130269096568, 20.83328241703766, 20.81926668372923, 20.80262498491585, 20.785729514902457, 20.75940515240708, 20.738358058475924, 20.730436055132873, 20.7272752535032, 20.725491835146016, 20.723031795965543, 20.72049447831403, 20.718948088703268, 20.71839355741168, 20.717416975657535, 20.714734695465673, 20.71443282589182, 20.716097525456092, 20.716557196042196, 20.716339563353465, 20.71380991454124, 20.71135680882157, 20.71192292668589, 20.71051270516427, 20.710886460778873, 20.710874015579286, 20.713978481002265, 20.7155631770164, 20.71617601400676]"
40,SINAN.bmp,32.51565253728961,0.8305450058260627,66.0675048828125,0.061993734563553685,29.930924553928445,"[inf, 35.84024120100383, 30.04174359649032, 28.539716955895223, 27.8877501717986, 27.500935560468243, 27.318065986922104, 27.195546186943165, 27.059467358994887, 26.974543796809424, 26.906587111273478, 26.83660012607681, 26.774926211475318, 26.720463595456227, 26.672464157371827, 26.65478007075427, 26.65201341052031, 26.651200123783156, 26.645135315066568, 26.64033898704416, 26.638532109262044, 26.636186909419443, 26.633318043154368, 26.630147727783353, 26.629777954773786, 26.626518036176062, 26.61782081005977, 26.6099494127119, 26.606098390496648, 26.607711571939234, 26.60526614571953, 26.604756027059217, 26.604756027059217, 26.604756027059217, 26.604756027059217, 26.604756027059217, 26.604756027059217, 26.604756027059217, 26.604756027059217, 26.604756027059217, 26.604756027059217, 26.604756027059217, 26.604756027059217, 26.604756027059217, 26.604756027059217, 26.604756027059217, 26.604756027059217, 26.604756027059217, 26.604756027059217, 26.604756027059217]"
41,Tank512.bmp,32.12147269373879,0.7398722160118635,66.54771041870117,0.06037296614828368,29.899472427496153,"[inf, 37.04011996983308, 31.026628420440534, 30.23562323173486, 29.803070102744165, 29.529672122233023, 29.350901219817928, 29.250148477144908, 29.18737717741814, 29.136065684705805, 29.091965778526745, 29.054680470505005, 29.020689669719438, 28.9858662266794, 28.960084019088157, 28.93861095578246, 28.923499124987067, 28.909497532326213, 28.90118868359824, 28.89231909653207, 28.886781318093394, 28.88382722208052, 28.882168284550758, 28.879700821232447, 28.877438683209995, 28.874474552080688, 28.872548693696622, 28.87035425796585, 28.86882618256633, 28.86908762656323, 28.868772682486522, 28.866394643928203, 28.86515332520569, 28.86236504349025, 28.861578701976573, 28.861127195342156, 28.860889951069204, 28.860035880462032, 28.857630456825216, 28.855667134796825, 28.854767862496008, 28.853303693432665, 28.85180240795432, 28.849437581569354, 28.84740783513385, 28.845540247651243, 28.843447482356382, 28.839992932107947, 28.835640061062595, 28.828948728460258]"
42,Truck512.bmp,32.21406260522992,0.7794807156419197,65.13582611083984,0.07305098863194247,29.99260435240648,"[inf, 35.90521399020348, 30.627526177129226, 29.703504746822144, 29.374870959588065, 29.173591108550834, 29.050278193795425, 28.96870154804103, 28.916748286423754, 28.878474796244994, 28.842042912840867, 28.809603557719647, 28.778078067209446, 28.748937414003553, 28.721399506727863, 28.694677290016195, 28.678086835432925, 28.662547006938652, 28.649245591399033, 28.636231186206878, 28.625589327551737, 28.614736059209378, 28.6057167257227, 28.59681574857857, 28.587015079308216, 28.572604360090217, 28.558540311724315, 28.544281864591742, 28.531084128727414, 28.51993980513887, 28.50750792963823, 28.49599405178273, 28.486089709761465, 28.47446455181288, 28.462985866942596, 28.450796205193488, 28.437540196136666, 28.426410569475426, 28.415358596461587, 28.407730146061734, 28.399705633146134, 28.394913352421597, 28.39014665547602, 28.384574623169136, 28.380554294909594, 28.376214835178903, 28.374475936999236, 28.37245795574098, 28.371364094449408, 28.368684016615717]"
43,woman1.bmp,31.51934534962017,0.7376615285104852,137.40867614746094,0.0828028860648865,26.750662054078003,"[inf, 47.315162413581334, 39.24125247181029, 38.63007958296977, 38.345269183636375, 38.115956747086514, 37.89731533444515, 37.68630227329838, 37.474302851801895, 37.26814162165296, 37.14481910295105, 37.06521048347494, 37.022457789503235, 36.9952131436287, 36.979547734761134, 36.95928601205411, 36.94448398049815, 36.92728399988958, 36.90659812689185, 36.89179385180978, 36.87709867360383, 36.86424524229054, 36.857097214534235, 36.85105507494022, 36.84361053588184, 36.83089904948994, 36.818840500563425, 36.812455531887494, 36.82599238474924, 36.84917386880313, 36.86874279812547, 36.880217328091, 36.88369042846186, 36.8686875622953, 36.849205078727955, 36.821015150474466, 36.79909258737567, 36.78259286677677, 36.77013300814443, 36.75733401469547, 36.75239840508174, 36.74694773360709, 36.74188723905328, 36.73487014730175, 36.727834167136365, 36.714096448410515, 36.690931492155315, 36.65814023909029, 36.60815462771819, 36.549846201870174]"
44,woman2.bmp,34.236382021943086,0.8619440359089227,40.48921203613281,0.05122552743408399,32.05741035857692,"[inf, 25.727478216414454, 20.692805024561558, 19.924527391774028, 19.757664958609585, 19.703955108422917, 19.671874163972333, 19.650914376033146, 19.630340968067088, 19.61348116905316, 19.59373206486506, 19.579178611701515, 19.567184455795058, 19.549138707751247, 19.529934907358133, 19.511707799682597, 19.494189174558038, 19.484442160793215, 19.474265539333558, 19.460525816268916, 19.443628513097533, 19.435880677633268, 19.43226881155362, 19.429032657322125, 19.430010996751825, 19.423337686765883, 19.414659376524135, 19.402648856426573, 19.39552156208157, 19.388637959079283, 19.38238860035026, 19.37696546274418, 19.371274808460466, 19.365520785063502, 19.3595313914452, 19.35324180332404, 19.346820726309183, 19.339906083551664, 19.33331701442669, 19.326868609925413, 19.31999350898328, 19.31654282292341, 19.313184092028465, 19.311425363859293, 19.31136670503862, 19.31080555049876, 19.311816099199955, 19.311887968087916, 19.309139174303844, 19.30792713676761]"
45,ZELDA.bmp,33.899915557045375,0.8303383995439225,46.01387442129629,0.057987782461457645,31.501915579672207,"[inf, 29.129905359417567, 23.584417370752973, 23.104141648452437, 22.886093643704324, 22.681517124375695, 22.541719964076286, 22.429552240647784, 22.332640248705637, 22.231754075098443, 22.136889091570136, 22.059482577903555, 22.000795223045625, 21.960842819770548, 21.93456585487357, 21.916978331137926, 21.902076276423223, 21.88850130388582, 21.876437403120786, 21.87098866162025, 21.864626000936077, 21.86063902825328, 21.85789102542397, 21.8514577881834, 21.845865984682312, 21.837045251082674, 21.830317685130392, 21.824102188739076, 21.81851679065296, 21.814774427483087, 21.81322273025209, 21.81283198937423, 21.813705210594446, 21.813707482163032, 21.810934431870802, 21.80817751298896, 21.805906788777044, 21.80342883821712, 21.801096131041785, 21.798432167274783, 21.794480298361627, 21.792790580947244, 21.791314269444435, 21.79096052508281, 21.78970012477842, 21.78846596594016, 21.787769036749307, 21.785621871426308, 21.781954981350847, 21.77656150536206]"
